{"ACACIA_LEAVES": 5684552.94921875, "ACACIA_LOG": 6791402.91796875, "ACACIA_PLANKS": 11041937.2265625, "ACACIA_SAPLING": 3386153.24609375, "ACACIA_TRAPDOOR": 7879659.25390625, "ACTIVATOR_RAIL": 4606545.29296875, "ALLIUM": 2324891.75, "ANDESITE": 8957899.77734375, "ANVIL": 4508619.52734375, "ATTACHED_PUMPKIN_STEM": 1179390.92578125, "AZURE_BLUET": 2575331.3515625, "BEACON": 7777221.1171875, "BEDROCK": 5600115.1171875, "BIRCH_LEAVES": 4833531.30078125, "BIRCH_LOG": 14247636.296875, "BIRCH_PLANKS": 12658628.2421875, "BIRCH_SAPLING": 3225521.44140625, "BIRCH_TRAPDOOR": 13616897.1015625, "BLACKSTONE": 2771597.6640625, "BLACK_STAINED_GLASS": 1644825.0, "BLACK_TERRACOTTA": 2445028.38671875, "BLUE_ICE": 7651235.015625, "BLUE_ORCHID": 539914.921875, "BLUE_STAINED_GLASS": 3361970.0, "BLUE_TERRACOTTA": 4884234.109375, "BOOKSHELF": 7720140.8203125, "BRAIN_CORAL": 5675079.51171875, "BRAIN_CORAL_BLOCK": 13619394.37890625, "BRAIN_CORAL_FAN": 4934775.125, "BREWING_STAND": 4000827.9609375, "BRICKS": 9917924.0625, "BROWN_MUSHROOM": 1340048.28515625, "BROWN_MUSHROOM_BLOCK": 9815579.45703125, "BROWN_STAINED_GLASS": 6704179.0, "BROWN_TERRACOTTA": 5074769.703125, "BUBBLE_CORAL": 5499835.97265625, "BUBBLE_CORAL_BLOCK": 10842870.20703125, "BUBBLE_CORAL_FAN": 4593797.75, "CARVED_PUMPKIN": 9862993.265625, "CHAIN": 739772.2734375, "CHISELED_NETHER_BRICKS": 3114960.19921875, "CHISELED_POLISHED_BLACKSTONE": 3549922.8125, "CHISELED_QUARTZ_BLOCK": 15253687.00390625, "CHISELED_RED_SANDSTONE": 12032012.50390625, "CHISELED_SANDSTONE": 14222487.41796875, "CHISELED_STONE_BRICKS": 7880543.78125, "CHORUS_FLOWER": 9949071.7578125, "CHORUS_PLANT": 6167157.80859375, "CLAY": 10573097.4453125, "COAL_BLOCK": 1054202.91796875, "COAL_ORE": 7647408.234375, "COARSE_DIRT": 7849941.3984375, "COBBLESTONE": 8407501.59765625, "COBWEB": 6168838.1328125, "COMPARATOR": 10943375.5234375, "CONDUIT": 13244883.1484375, "CORNFLOWER": 15201446.16796875, "CRACKED_NETHER_BRICKS": 2650912.95703125, "CRACKED_POLISHED_BLACKSTONE_BRICKS": 2871747.6796875, "CRACKED_STONE_BRICKS": 7784735.32421875, "CRIMSON_FUNGUS": 2174302.953125, "CRIMSON_NYLIUM": 8589197.45703125, "CRIMSON_PLANKS": 6633998.56640625, "CRIMSON_ROOTS": 2936302.8984375, "CRIMSON_STEM": 6130242.40625, "CRIMSON_TRAPDOOR": 5758214.1171875, "CRYING_OBSIDIAN": 2138193.4453125, "CUT_RED_SANDSTONE": 12432609.76171875, "CUT_SANDSTONE": 14327313.8125, "CYAN_STAINED_GLASS": 5013401.0, "CYAN_TERRACOTTA": 5706334.00390625, "DANDELION": 1215373.43359375, "DARK_OAK_LEAVES": 6938872.46484375, "DARK_OAK_LOG": 3969961.15625, "DARK_OAK_PLANKS": 4379693.21875, "DARK_OAK_SAPLING": 1732101.23046875, "DARK_OAK_TRAPDOOR": 4949423.359375, "DARK_PRISMARINE": 3422446.94921875, "DEAD_BRAIN_CORAL": 3848935.890625, "DEAD_BRAIN_CORAL_BLOCK": 8178423.17578125, "DEAD_BRAIN_CORAL_FAN": 11947981.9609375, "DEAD_BUBBLE_CORAL": 4533510.60546875, "DEAD_BUBBLE_CORAL_BLOCK": 8672514.4140625, "DEAD_BUBBLE_CORAL_FAN": 12703078.36328125, "DEAD_BUSH": 2152215.3515625, "DEAD_FIRE_CORAL": 3834596.796875, "DEAD_FIRE_CORAL_BLOCK": 8658738.734375, "DEAD_FIRE_CORAL_FAN": 11221099.97265625, "DEAD_HORN_CORAL": 3665648.76953125, "DEAD_HORN_CORAL_BLOCK": 8788659.2890625, "DEAD_HORN_CORAL_FAN": 12509003.421875, "DEAD_TUBE_CORAL": 4642726.53515625, "DEAD_TUBE_CORAL_BLOCK": 8583593.67578125, "DEAD_TUBE_CORAL_FAN": 13307022.375, "DETECTOR_RAIL": 4931362.13671875, "DIAMOND_BLOCK": 6494215.12109375, "DIAMOND_ORE": 8243241.125, "DIORITE": 12416304.98046875, "DIRT": 8822927.0, "DRAGON_EGG": 824193.7109375, "EMERALD_BLOCK": 2829514.80078125, "EMERALD_ORE": 7729015.1484375, "END_ROD": 3485114.828125, "END_STONE": 14442638.33984375, "END_STONE_BRICKS": 14373803.2109375, "FARMLAND": 9409489.76953125, "FERN": 11758458.71875, "FIRE_CORAL": 4662810.9609375, "FIRE_CORAL_BLOCK": 10737752.87109375, "FIRE_CORAL_FAN": 4271191.6875, "FLOWER_POT": 1592432.43359375, "GILDED_BLACKSTONE": 3714555.61328125, "GLASS": 9223016.11328125, "GLOWSTONE": 11290499.30078125, "GOLD_BLOCK": 16202639.625, "GOLD_ORE": 9468875.43359375, "GRANITE": 9819539.97265625, "GRASS": 5246165.73828125, "GRAVEL": 8679156.50390625, "GRAY_STAINED_GLASS": 5000268.0, "GRAY_TERRACOTTA": 3797901.5625, "GREEN_STAINED_GLASS": 6717235.0, "GREEN_TERRACOTTA": 5002612.3359375, "HONEYCOMB_BLOCK": 15068550.5390625, "HORN_CORAL": 5371852.51171875, "HORN_CORAL_BLOCK": 14207796.0, "HORN_CORAL_FAN": 4973896.41015625, "ICE": 9597120.97265625, "IRON_BARS": 4079953.4296875, "IRON_BLOCK": 14482142.0078125, "IRON_ORE": 8956522.30859375, "JACK_O_LANTERN": 14100902.90625, "JUNGLE_LEAVES": 7172500.84375, "JUNGLE_LOG": 5602068.1796875, "JUNGLE_PLANKS": 10544257.79296875, "JUNGLE_SAPLING": 1054020.61328125, "JUNGLE_TRAPDOOR": 8398463.76953125, "KELP": 1130432.8125, "KELP_PLANT": 2261136.90625, "LADDER": 4609148.7578125, "LANTERN": 2902631.09375, "LAPIS_BLOCK": 2025963.109375, "LAPIS_ORE": 6547818.85546875, "LEVER": 571729.2421875, "LIGHT_BLUE_STAINED_GLASS": 6724056.0, "LIGHT_BLUE_TERRACOTTA": 7465233.9921875, "LIGHT_GRAY_STAINED_GLASS": 10066329.0, "LIGHT_GRAY_TERRACOTTA": 8891459.5, "LILY_OF_THE_VALLEY": 14696820.7265625, "LILY_PAD": 5146760.2265625, "LIME_STAINED_GLASS": 8375321.0, "LIME_TERRACOTTA": 6815457.796875, "MAGENTA_STAINED_GLASS": 11685080.0, "MAGENTA_TERRACOTTA": 9831302.6796875, "MELON_STEM": 1383195.0234375, "MOSSY_COBBLESTONE": 7246558.9375, "MOSSY_STONE_BRICKS": 7596169.140625, "MUSHROOM_STEM": 13367389.6015625, "NETHERITE_BLOCK": 4375230.87890625, "NETHERRACK": 6405008.4140625, "NETHER_GOLD_ORE": 7575328.05078125, "NETHER_PORTAL": 5837013.01953125, "NETHER_QUARTZ_ORE": 7738856.390625, "NETHER_SPROUTS": 159838.1484375, "NETHER_WART_BLOCK": 7524846.15625, "NOTE_BLOCK": 5831963.7890625, "OAK_LEAVES": 6375993.91015625, "OAK_LOG": 7171410.6875, "OAK_PLANKS": 10663712.62890625, "OAK_SAPLING": 2214469.6640625, "OAK_TRAPDOOR": 7056550.7421875, "OBSIDIAN": 994742.55078125, "ORANGE_STAINED_GLASS": 14188339.0, "ORANGE_TERRACOTTA": 10611972.671875, "ORANGE_TULIP": 1730970.28125, "OXEYE_DAISY": 3216953.5546875, "PINK_STAINED_GLASS": 15892389.0, "PINK_TERRACOTTA": 10632085.66796875, "PINK_TULIP": 1454727.6796875, "POLISHED_ANDESITE": 8702278.99609375, "POLISHED_BLACKSTONE": 3500762.74609375, "POLISHED_BLACKSTONE_BRICKS": 3082843.2734375, "POLISHED_DIORITE": 12696790.55078125, "POLISHED_GRANITE": 10126642.2265625, "POPPY": 1260231.40625, "POWERED_RAIL": 6093317.83984375, "PRISMARINE": 6496936.83984375, "PRISMARINE_BRICKS": 6548542.4296875, "PURPLE_STAINED_GLASS": 8339378.0, "PURPLE_TERRACOTTA": 7780507.08984375, "PURPUR_BLOCK": 11168148.6796875, "PURPUR_PILLAR": 11290411.578125, "QUARTZ_BRICKS": 15440906.76171875, "QUARTZ_PILLAR": 15493008.0, "RAIL": 4651010.81640625, "REDSTONE_LAMP": 6254011.0625, "REDSTONE_ORE": 8761668.84765625, "REDSTONE_TORCH": 1142538.47265625, "RED_MUSHROOM": 1779829.48046875, "RED_MUSHROOM_BLOCK": 13131802.01953125, "RED_NETHER_BRICKS": 4559635.0078125, "RED_SAND": 12522518.17578125, "RED_SANDSTONE": 12263029.18359375, "RED_STAINED_GLASS": 10040115.0, "RED_TERRACOTTA": 9394483.90625, "RED_TULIP": 1253635.69140625, "REPEATER": 10539708.05859375, "SAND": 14415836.09765625, "SANDSTONE": 14236381.8359375, "SEAGRASS": 8185671.265625, "SEA_LANTERN": 11337711.78125, "SEA_PICKLE": 7415611.2734375, "SHROOMLIGHT": 15822288.8828125, "SMOOTH_STONE": 10440012.6796875, "SNOW": 16385079.22265625, "SOUL_LANTERN": 1934115.390625, "SOUL_SAND": 5349723.703125, "SOUL_SOIL": 4980919.640625, "SOUL_TORCH": 561926.0, "SPAWNER": 1648649.18359375, "SPONGE": 12884591.609375, "SPRUCE_LEAVES": 5185310.8125, "SPRUCE_LOG": 3865274.91015625, "SPRUCE_PLANKS": 7552518.56640625, "SPRUCE_SAPLING": 956299.8828125, "SPRUCE_TRAPDOOR": 6815546.85546875, "STONE": 8260105.546875, "STONE_BRICKS": 8056651.45703125, "STRIPPED_CRIMSON_STEM": 9014188.05078125, "STRIPPED_JUNGLE_LOG": 11272746.58203125, "STRIPPED_WARPED_STEM": 3811712.77734375, "STRUCTURE_BLOCK": 5844151.0703125, "SUGAR_CANE": 5396338.6640625, "TERRACOTTA": 9994311.71875, "TORCH": 713184.99609375, "TRIPWIRE": 1393475.1796875,